{"Epilepsy": 0.3192182410423453, "Heart disease": 0.2516556291390728, "FORTRAN": 0.2105263157894737, "Destexhe, Alain [Destexhe at iaf.cnrs-gif.fr]": 0.2941176470588235, "Invertebrate": 0.26229508196721313, "Auditory nerve": 0.5573770491803279, "Synaptic Integration": 0.24709302325581398, "Connectionist Network": 0.25, "Migliore, Michele [Michele.Migliore at Yale.edu]": 0.23602484472049687, "Blackwell, Avrama [avrama at gmu.edu]": 0.4137931034482758, "Parkinson's": 0.282442748091603, "Basal ganglia": 0.23703703703703707, "Humphries, Mark D [m.d.humphries at shef.ac.uk]": 0.3333333333333333, "Dopamine": 0.2545454545454545, "Pituitary cell": 0.5, "Persistent activity": 0.3, "Neuroblastoma": 0.3157894736842105, "Reinforcement Learning": 0.223463687150838, "Deep brain stimulation": 0.3789473684210526, "Olfaction": 0.21079691516709512, "NO": 0.6153846153846153, "Signaling pathways": 0.27956989247311825, "Action Selection/Decision Making": 0.3194444444444445, "Channel/Receptor": 0.26556016597510373, "Audition": 0.3190184049079754, "Cochlear nucleus bushy GLU cell": 0.23529411764705882, "Wu, Sheng-Nan [snwu at mail.ncku.edu.tw]": 0.25142857142857145, "Glia": 0.33802816901408445, "Potassium buffering": 0.4444444444444445, "Influence of Dendritic Geometry": 0.2206896551724138, "Reward-modulated STDP": 0.26666666666666666, "Drosophila (fruit fly)": 0.2608695652173913, "Stomatogastric ganglion": 0.21428571428571427, "Subthalamus nucleus projection neuron": 0.30985915492957744, "Subthalamic Nucleus": 0.21621621621621623, "G-protein coupled": 0.2051282051282051, "Spatio-temporal Activity Patterns": 0.20192307692307693, "IK Bkca": 0.5, "Axon": 0.22372881355932206, "Dendritic Action Potentials": 0.22654867256637165, "IK Skca": 0.3333333333333333, "Na/K pump": 0.2112211221122112, "Cochlea hair outer GLU cell": 0.30769230769230765, "Astrocyte": 0.39999999999999997, "Molecular Network": 0.2837837837837838}