{"Heart cell": 0.18055555555555555, "NeuroRD": 0.1818181818181818, "Narayanan, Rishikesh [rishi at iisc.ac.in]": 0.19047619047619047, "D2": 0.1414141414141414, "Sleep": 0.13559322033898305, "Hippocampus CA3 stratum oriens lacunosum-moleculare interneuron": 0.17391304347826086, "Touch": 0.186046511627907, "Place cell/field": 0.1437125748502994, "Prescott, Steven [steve.prescott at sickkids.ca]]": 0.15384615384615383, "CN stellate cell": 0.18181818181818182, "Nav1.1 SCN1A": 0.15625000000000003, "Hines, Michael [Michael.Hines at Yale.edu]": 0.15254237288135591, "Cardiac ventricular cell": 0.175, "Neymotin, Sam [Samuel.Neymotin at nki.rfmh.org]": 0.17910447761194032, "Lytton, William [bill.lytton at downstate.edu]": 0.13574660633484165, "Neostriatum medium spiny direct pathway GABA cell": 0.1414141414141414, "I_Ks": 0.15053763440860216, "Learning": 0.19318181818181815, "Direction Selectivity": 0.1951219512195122, "Thalamus geniculate nucleus/lateral principal GLU cell": 0.14110429447852763, "I N": 0.14203454894433784, "Cerebellum Purkinje GABA cell": 0.18811881188118812, "SNNAP": 0.18055555555555555, "Globus pallidus neuron": 0.15254237288135594, "McDougal, Robert [robert.mcdougal at yale.edu]": 0.17777777777777776, "Vision": 0.18518518518518515, "Na/Ca exchanger": 0.15294117647058825, "Golomb, David [golomb at bgu.ac.il]": 0.16666666666666666, "Unsupervised Learning": 0.14012738853503184, "Olfactory bulb main interneuron periglomerular GABA cell": 0.13513513513513511, "Olfactory bulb main interneuron granule MC GABA cell": 0.14189189189189189, "Pattern Recognition": 0.18055555555555555, "Neocortex spiking low threshold (LTS) neuron": 0.13076923076923075, "Olfactory bulb main mitral GLU cell": 0.14647887323943662, "I K,leak": 0.16613418530351437, "Temporal Pattern Generation": 0.19819819819819817, "Canavier, CC": 0.1818181818181818, "Neocortex fast spiking (FS) interneuron": 0.14790996784565916, "Pathophysiology": 0.1437125748502994, "Aging/Alzheimer`s": 0.14035087719298245, "Synchronization": 0.16417910447761191, "Axonal Action Potentials": 0.1968253968253968, "Extracellular Fields": 0.1691542288557214, "Parameter Fitting": 0.16666666666666669, "STDP": 0.1659751037344398, "Neural mass": 0.14659685863874347, "GENESIS": 0.1437371663244353, "Long-term Synaptic Plasticity": 0.1946564885496183, "Schizophrenia": 0.16666666666666669, "Drosophila": 0.18181818181818182, "Olfactory bulb": 0.1366120218579235, "Extracellular": 0.17721518987341772, "Neocortex layer 5 interneuron": 0.1904761904761905, "Thalamus": 0.18338108882521487, "Retina photoreceptor cone GLU cell": 0.16666666666666666}