{"Heart cell": 0.6363636363636365, "Epilepsy": 0.6181818181818183, "Heart disease": 0.7105263157894737, "Place cell/field": 0.5714285714285714, "Auditory nerve": 0.7636363636363636, "CN stellate cell": 0.7142857142857143, "Grid cell": 0.7878787878787878, "Cardiac ventricular cell": 0.6666666666666667, "Parkinson's": 0.7603305785123967, "Cerebellum": 0.5161290322580645, "Pituitary cell": 0.9523809523809523, "Substantia nigra pars compacta DA cell": 0.5365853658536585, "Deep brain stimulation": 0.5675675675675675, "Orientation selectivity": 0.7000000000000001, "Olfaction": 0.7741935483870969, "Cerebellum Purkinje GABA cell": 0.5925925925925926, "NO": 0.7142857142857143, "Globus pallidus neuron": 0.5176470588235293, "Masquelier, Tim [timothee.masquelier at alum.mit.edu]": 0.5454545454545454, "Olfactory bulb main interneuron granule MC GABA cell": 0.6493506493506493, "Glia": 0.6222222222222222, "Reward-modulated STDP": 0.5454545454545455, "Drosophila (fruit fly)": 0.761904761904762, "Suprachiasmatic nucleus (SCN) neuron": 0.6666666666666666, "Olfactory bulb main mitral GLU cell": 0.7096774193548387, "Spinal cord lumbar motor neuron alpha ACh cell": 0.5277777777777779, "Drosophila": 0.6666666666666667, "Olfactory bulb": 0.6516853932584269, "Astrocyte": 0.7368421052631577, "Basal ganglia": 0.5949367088607594}